,t_dat,customer_id,article_id,price,sales_channel_id
0,2018-09-20,000058a12d5b43e67d225668fa1f8d618c13dc232df0cad8ffe7ad4a1091e318,663713001,0.05083050847457626,2
1,2018-09-20,000058a12d5b43e67d225668fa1f8d618c13dc232df0cad8ffe7ad4a1091e318,541518023,0.03049152542372881,2
2,2018-09-20,00007d2de826758b65a93dd24ce629ed66842531df6699338c5570910a014cc2,505221004,0.015237288135593219,2
3,2018-09-20,00007d2de826758b65a93dd24ce629ed66842531df6699338c5570910a014cc2,685687003,0.016932203389830508,2
4,2018-09-20,00007d2de826758b65a93dd24ce629ed66842531df6699338c5570910a014cc2,685687004,0.016932203389830508,2
5,2018-09-20,00007d2de826758b65a93dd24ce629ed66842531df6699338c5570910a014cc2,685687001,0.016932203389830508,2
6,2018-09-20,00007d2de826758b65a93dd24ce629ed66842531df6699338c5570910a014cc2,505221001,0.020322033898305086,2
7,2018-09-20,00083cda041544b2fbb0e0d2905ad17da7cf1007526fb4c73235dccbbc132280,688873012,0.03049152542372881,1
8,2018-09-20,00083cda041544b2fbb0e0d2905ad17da7cf1007526fb4c73235dccbbc132280,501323011,0.053372881355932204,1
9,2018-09-20,00083cda041544b2fbb0e0d2905ad17da7cf1007526fb4c73235dccbbc132280,598859003,0.0457457627118644,2
10,2018-09-20,00083cda041544b2fbb0e0d2905ad17da7cf1007526fb4c73235dccbbc132280,688873020,0.03049152542372881,1
11,2018-09-20,00083cda041544b2fbb0e0d2905ad17da7cf1007526fb4c73235dccbbc132280,688873011,0.03049152542372881,1
12,2018-09-20,0008968c0d451dbc5a9968da03196fe20051965edde7413775c4eb3be9abe9c2,531310002,0.02252542372881356,2
13,2018-09-20,0008968c0d451dbc5a9968da03196fe20051965edde7413775c4eb3be9abe9c2,529841001,0.020322033898305086,2
14,2018-09-20,000aa7f0dc06cd7174389e76c9e132a67860c5f65f970699daccc14425ac31a8,501820043,0.016932203389830508,2
15,2018-09-20,000aa7f0dc06cd7174389e76c9e132a67860c5f65f970699daccc14425ac31a8,501820043,0.016932203389830508,2
16,2018-09-20,000aa7f0dc06cd7174389e76c9e132a67860c5f65f970699daccc14425ac31a8,674681001,0.008457627118644067,2
17,2018-09-20,000aa7f0dc06cd7174389e76c9e132a67860c5f65f970699daccc14425ac31a8,671505001,0.03388135593220338,2
18,2018-09-20,000aa7f0dc06cd7174389e76c9e132a67860c5f65f970699daccc14425ac31a8,671505001,0.03388135593220338,2
19,2018-09-20,000aa7f0dc06cd7174389e76c9e132a67860c5f65f970699daccc14425ac31a8,631848002,0.03388135593220338,2
20,2018-09-20,000aa7f0dc06cd7174389e76c9e132a67860c5f65f970699daccc14425ac31a8,631848002,0.03388135593220338,2
21,2018-09-20,000aa7f0dc06cd7174389e76c9e132a67860c5f65f970699daccc14425ac31a8,631848002,0.03388135593220338,2
22,2018-09-20,000aa7f0dc06cd7174389e76c9e132a67860c5f65f970699daccc14425ac31a8,631848002,0.03388135593220338,2
23,2018-09-20,000aa7f0dc06cd7174389e76c9e132a67860c5f65f970699daccc14425ac31a8,680187001,0.016932203389830508,2
24,2018-09-20,000aa7f0dc06cd7174389e76c9e132a67860c5f65f970699daccc14425ac31a8,676827002,0.04235593220338983,2
25,2018-09-20,000aa7f0dc06cd7174389e76c9e132a67860c5f65f970699daccc14425ac31a8,676827002,0.04235593220338983,2
26,2018-09-20,000aa7f0dc06cd7174389e76c9e132a67860c5f65f970699daccc14425ac31a8,685687002,0.016932203389830508,2
27,2018-09-20,000aa7f0dc06cd7174389e76c9e132a67860c5f65f970699daccc14425ac31a8,685687002,0.016932203389830508,2
28,2018-09-20,000aa7f0dc06cd7174389e76c9e132a67860c5f65f970699daccc14425ac31a8,680912006,0.016932203389830508,2
29,2018-09-20,000aa7f0dc06cd7174389e76c9e132a67860c5f65f970699daccc14425ac31a8,680912006,0.016932203389830508,2
30,2018-09-20,000aa7f0dc06cd7174389e76c9e132a67860c5f65f970699daccc14425ac31a8,692454002,0.025406779661016947,2
31,2018-09-20,000aa7f0dc06cd7174389e76c9e132a67860c5f65f970699daccc14425ac31a8,692454002,0.025406779661016947,2
32,2018-09-20,000aa7f0dc06cd7174389e76c9e132a67860c5f65f970699daccc14425ac31a8,640639001,0.010152542372881357,2
33,2018-09-20,000aa7f0dc06cd7174389e76c9e132a67860c5f65f970699daccc14425ac31a8,640639001,0.010152542372881357,2
34,2018-09-20,000aa7f0dc06cd7174389e76c9e132a67860c5f65f970699daccc14425ac31a8,664421002,0.016932203389830508,2
35,2018-09-20,000aa7f0dc06cd7174389e76c9e132a67860c5f65f970699daccc14425ac31a8,664421002,0.016932203389830508,2
36,2018-09-20,000aa7f0dc06cd7174389e76c9e132a67860c5f65f970699daccc14425ac31a8,680912009,0.011847457627118646,2
37,2018-09-20,000aa7f0dc06cd7174389e76c9e132a67860c5f65f970699daccc14425ac31a8,680912009,0.011847457627118646,2
38,2018-09-20,000aa7f0dc06cd7174389e76c9e132a67860c5f65f970699daccc14425ac31a8,553139001,0.03388135593220338,2
39,2018-09-20,000aa7f0dc06cd7174389e76c9e132a67860c5f65f970699daccc14425ac31a8,553139001,0.03388135593220338,2
40,2018-09-20,000aa7f0dc06cd7174389e76c9e132a67860c5f65f970699daccc14425ac31a8,377277001,0.008457627118644067,2
41,2018-09-20,000aa7f0dc06cd7174389e76c9e132a67860c5f65f970699daccc14425ac31a8,377277001,0.008457627118644067,2
42,2018-09-20,000aa7f0dc06cd7174389e76c9e132a67860c5f65f970699daccc14425ac31a8,700819006,0.04235593220338983,2
43,2018-09-20,000aa7f0dc06cd7174389e76c9e132a67860c5f65f970699daccc14425ac31a8,700819006,0.04235593220338983,2
44,2018-09-20,001127bffdda108579e6cb16080440e89bf1250a776c6e55f56e35e9ee029a8d,397068015,0.03388135593220338,1
45,2018-09-20,001ea4e9c54f7e9c88811260d954edc059d596147e1cf8adc73323aebf571fd8,652075001,0.011847457627118646,2
46,2018-09-20,001ea4e9c54f7e9c88811260d954edc059d596147e1cf8adc73323aebf571fd8,670295001,0.010152542372881357,2
47,2018-09-20,001fd23db1109a94bba1319bb73df0b479059027c182da490e1161b34cd3af61,631744002,0.016932203389830508,1
48,2018-09-20,001fd23db1109a94bba1319bb73df0b479059027c182da490e1161b34cd3af61,562252035,0.02159322033898305,1
49,2018-09-20,0021da829b898f82269fc51feded4eac2129058ee95bd75bb1591e2eb14ecc79,649356002,0.0274406779661017,1
50,2018-09-20,0021da829b898f82269fc51feded4eac2129058ee95bd75bb1591e2eb14ecc79,579941002,0.019813559322033897,1
51,2018-09-20,0021da829b898f82269fc51feded4eac2129058ee95bd75bb1591e2eb14ecc79,629760002,0.015237288135593219,1
52,2018-09-20,0021da829b898f82269fc51feded4eac2129058ee95bd75bb1591e2eb14ecc79,625229004,0.019813559322033897,1
53,2018-09-20,00228762ecff5b8d1ea6a2e52b96dafa198febddbc3bf350eb611f28e61ea6ce,688545001,0.1342372881355932,2
54,2018-09-20,002b3c0a44a22c45a8d62ea9d2b88d1a89e335f8b8400335a85c3b5845794cb9,673531001,0.008457627118644067,2
55,2018-09-20,002b3c0a44a22c45a8d62ea9d2b88d1a89e335f8b8400335a85c3b5845794cb9,464277014,0.022016949152542376,2
56,2018-09-20,002b3c0a44a22c45a8d62ea9d2b88d1a89e335f8b8400335a85c3b5845794cb9,464277014,0.022016949152542376,2
57,2018-09-20,003ac6eff3ca20cbe4e14a106a5e28b7551616005de8f9dd0f9455e5543b31ac,617322003,0.03388135593220338,1
58,2018-09-20,003ac6eff3ca20cbe4e14a106a5e28b7551616005de8f9dd0f9455e5543b31ac,617322003,0.0186271186440678,1
59,2018-09-20,003ac6eff3ca20cbe4e14a106a5e28b7551616005de8f9dd0f9455e5543b31ac,620405001,0.0186271186440678,1
60,2018-09-20,003ac6eff3ca20cbe4e14a106a5e28b7551616005de8f9dd0f9455e5543b31ac,678239001,0.025406779661016947,1
61,2018-09-20,00401a367c5ac085cb9d4b77c56f3edcabf25153615db982fcc7991d182e10a9,613456009,0.016932203389830508,2
62,2018-09-20,00401a367c5ac085cb9d4b77c56f3edcabf25153615db982fcc7991d182e10a9,633675001,0.010152542372881357,2
63,2018-09-20,00401a367c5ac085cb9d4b77c56f3edcabf25153615db982fcc7991d182e10a9,648719001,0.025406779661016947,2
64,2018-09-20,00401a367c5ac085cb9d4b77c56f3edcabf25153615db982fcc7991d182e10a9,427114015,0.016932203389830508,2
65,2018-09-20,00401a367c5ac085cb9d4b77c56f3edcabf25153615db982fcc7991d182e10a9,567475001,0.03388135593220338,2
66,2018-09-20,00401a367c5ac085cb9d4b77c56f3edcabf25153615db982fcc7991d182e10a9,567594001,0.011847457627118646,2
67,2018-09-20,00401a367c5ac085cb9d4b77c56f3edcabf25153615db982fcc7991d182e10a9,681358001,0.025406779661016947,2
68,2018-09-20,00401a367c5ac085cb9d4b77c56f3edcabf25153615db982fcc7991d182e10a9,613456001,0.016932203389830508,2
69,2018-09-20,00401a367c5ac085cb9d4b77c56f3edcabf25153615db982fcc7991d182e10a9,573937001,0.0321864406779661,2
70,2018-09-20,00401a367c5ac085cb9d4b77c56f3edcabf25153615db982fcc7991d182e10a9,622745001,0.04828813559322033,2
71,2018-09-20,00401a367c5ac085cb9d4b77c56f3edcabf25153615db982fcc7991d182e10a9,617322004,0.03388135593220338,2
72,2018-09-20,00402f4463c8dc1b3ee54abfdea280e96cd87320449eca8953eb06769a5c20d4,507909001,0.025406779661016947,1
73,2018-09-20,00402f4463c8dc1b3ee54abfdea280e96cd87320449eca8953eb06769a5c20d4,665481004,0.05083050847457626,1
74,2018-09-20,0045c79125b4dc958579f902b49eacd8598f9eeaa1220506d1cae1275f122084,211143037,0.03388135593220338,2
75,2018-09-20,0045c79125b4dc958579f902b49eacd8598f9eeaa1220506d1cae1275f122084,211143037,0.03388135593220338,2
76,2018-09-20,0045c79125b4dc958579f902b49eacd8598f9eeaa1220506d1cae1275f122084,503729006,0.04235593220338983,2
77,2018-09-20,0045c79125b4dc958579f902b49eacd8598f9eeaa1220506d1cae1275f122084,503729006,0.04235593220338983,2
78,2018-09-20,004888668b9458668aa3234d17337671673599f7f84d36f77fd366b5139058c5,662857005,0.04235593220338983,1
79,2018-09-20,0051a1d00ec9a4ff1a2f9aa32a4bb054cc9ba08e80be590aec39391ff3dc56e8,640174002,0.031762711864406774,2
80,2018-09-20,005c9fb2ba6c49b2098a662f64a9124ef95cbec5fcf4ebdb4dcbaaf83f979c51,625939005,0.0033728813559322037,2
81,2018-09-20,005c9fb2ba6c49b2098a662f64a9124ef95cbec5fcf4ebdb4dcbaaf83f979c51,508184020,0.024135593220338983,2
82,2018-09-20,005c9fb2ba6c49b2098a662f64a9124ef95cbec5fcf4ebdb4dcbaaf83f979c51,560783010,0.0050677966101694925,2
83,2018-09-20,005c9fb2ba6c49b2098a662f64a9124ef95cbec5fcf4ebdb4dcbaaf83f979c51,660150001,0.0050677966101694925,2
84,2018-09-20,00609a1cc562140fa87a6de432bef9c9f0b936b259ad3075eb2a65008df1dbab,611415005,0.016932203389830508,2
85,2018-09-20,00609a1cc562140fa87a6de432bef9c9f0b936b259ad3075eb2a65008df1dbab,578374001,0.04235593220338983,2
86,2018-09-20,00609a1cc562140fa87a6de432bef9c9f0b936b259ad3075eb2a65008df1dbab,673677002,0.016932203389830508,2
87,2018-09-20,00609a1cc562140fa87a6de432bef9c9f0b936b259ad3075eb2a65008df1dbab,676352001,0.025406779661016947,2
88,2018-09-20,00609a1cc562140fa87a6de432bef9c9f0b936b259ad3075eb2a65008df1dbab,611415001,0.016932203389830508,2
89,2018-09-20,00708c3da4d07706d4cad77c6aecc1b1ce33d21d73022ca12737c91d85bff070,255396006,0.06777966101694917,2
90,2018-09-20,00708c3da4d07706d4cad77c6aecc1b1ce33d21d73022ca12737c91d85bff070,594834010,0.04235593220338983,2
91,2018-09-20,00708c3da4d07706d4cad77c6aecc1b1ce33d21d73022ca12737c91d85bff070,516712001,0.022016949152542376,2
92,2018-09-20,0074c5948b6c96e7522f6f5c034b46cf08875b9a81c557a02bda0aedac355547,524825010,0.04235593220338983,2
93,2018-09-20,00761aefe07a2dd6ca110c99f3856ede55f20ff00ce754bf24c422c6746d05f3,634015003,0.0121864406779661,1
94,2018-09-20,00761aefe07a2dd6ca110c99f3856ede55f20ff00ce754bf24c422c6746d05f3,636351002,0.007610169491525424,1
95,2018-09-20,00761aefe07a2dd6ca110c99f3856ede55f20ff00ce754bf24c422c6746d05f3,633781016,0.015237288135593219,1
96,2018-09-20,0077ba345ef6aa8781802107df25bbb8a14fdcd04130c3ffa5cd1ac4087ad8ab,534795002,0.011864406779661016,1
97,2018-09-20,00796ce0bc561897e7047a7b059867aa6424f63ec597e1fbb3a195e48d5f452b,659550001,0.05930508474576271,2
98,2018-09-20,007e4c2e0994b4aac97c2713d5dc0b7497d74113f32446868ca22b6437e9594d,547752003,0.040661016949152536,2
99,2018-09-20,007ea762fbbebfad288a49f1d8f7c2c0c62b189a8816fa6968e60f2c197ce938,610671001,0.013542372881355931,1
100,2018-09-20,007f094708bc97c9ce41a7e75237ef2d16ae45319ebaddb9b842abf34248da8f,652731008,0.05633898305084746,1
101,2018-09-20,007f094708bc97c9ce41a7e75237ef2d16ae45319ebaddb9b842abf34248da8f,618476004,0.022016949152542376,1
102,2018-09-20,007f094708bc97c9ce41a7e75237ef2d16ae45319ebaddb9b842abf34248da8f,622238014,0.025406779661016947,1
103,2018-09-20,007f094708bc97c9ce41a7e75237ef2d16ae45319ebaddb9b842abf34248da8f,639297001,0.03388135593220338,1
104,2018-09-20,00873fc0f81215241785b49518e6758a2c26c0eac4825e7eb048b005a33fc3d6,633755001,0.00676271186440678,1
105,2018-09-20,00873fc0f81215241785b49518e6758a2c26c0eac4825e7eb048b005a33fc3d6,640168001,0.03388135593220338,1
106,2018-09-20,00873fc0f81215241785b49518e6758a2c26c0eac4825e7eb048b005a33fc3d6,565200032,0.00676271186440678,1
107,2018-09-20,00873fc0f81215241785b49518e6758a2c26c0eac4825e7eb048b005a33fc3d6,618389001,0.022016949152542376,1
108,2018-09-20,00873fc0f81215241785b49518e6758a2c26c0eac4825e7eb048b005a33fc3d6,432984001,0.013542372881355931,1
109,2018-09-20,00873fc0f81215241785b49518e6758a2c26c0eac4825e7eb048b005a33fc3d6,591702003,0.03049152542372881,1
110,2018-09-20,00889357d9b1e0e3788fbe8fd7448580b9e51800f59196891c4796a9aaac0945,448509017,0.04235593220338983,2
111,2018-09-20,008997ffbc4cdb3a41572eb25b2cc918666a6f2a13f3940f196a0160773c8492,665477001,0.03388135593220338,2
112,2018-09-20,008a118b7c72fd3b8a614eb2672ddfc2a78434c5776af215f4e281fa7506b842,578476001,0.04828813559322033,1
113,2018-09-20,008a118b7c72fd3b8a614eb2672ddfc2a78434c5776af215f4e281fa7506b842,663396002,0.05083050847457626,1
114,2018-09-20,0091c0e943c92167ea78f6ac180636be4098b06c1a066cac6f064eab9dc76d3c,677341001,0.08049152542372882,2
115,2018-09-20,00923f88cda50cbea4c5ceb2bd3467c620a9d74cb7da95ccbd21b856f5c0e2e0,564786020,0.019813559322033897,1
116,2018-09-20,00923f88cda50cbea4c5ceb2bd3467c620a9d74cb7da95ccbd21b856f5c0e2e0,655347002,0.015237288135593219,1
117,2018-09-20,00923f88cda50cbea4c5ceb2bd3467c620a9d74cb7da95ccbd21b856f5c0e2e0,655347007,0.015237288135593219,1
118,2018-09-20,0095c9b47fc950788bb709201f024c5338838a27c59c0299b857f94b504cb9fc,710390001,0.01905084745762712,1
119,2018-09-20,0095c9b47fc950788bb709201f024c5338838a27c59c0299b857f94b504cb9fc,633130019,0.016932203389830508,1
120,2018-09-20,0095c9b47fc950788bb709201f024c5338838a27c59c0299b857f94b504cb9fc,671057002,0.008457627118644067,1
121,2018-09-20,00a017d6e1010e117e3881be44027688795bf5f3c363696f7260d0ebe2727285,610776024,0.008457627118644067,1
122,2018-09-20,00a017d6e1010e117e3881be44027688795bf5f3c363696f7260d0ebe2727285,186262006,0.004220338983050848,1
123,2018-09-20,00a017d6e1010e117e3881be44027688795bf5f3c363696f7260d0ebe2727285,610776023,0.008457627118644067,1
124,2018-09-20,00a4f2c8cc87ffb0ea7db47b4b0b247b9ef11033c8d976f374f709a6fb80f1b9,610097001,0.02879661016949152,2
125,2018-09-20,00a64e86897e28b304195ad497bc63234a3ab00a5eb247930ff59398d765f04a,675139003,0.016932203389830508,1
126,2018-09-20,00a95aa4ba8d20f1bad415bab15ca6174a762f7550c819f4a1051fc7ee6bcb89,598795014,0.014389830508474574,1
127,2018-09-20,00aa02ce95fc11f654a76101fd39a3db6b29879fddd8f8b1e56b3e6fbe6fe8d8,656345001,0.03388135593220338,1
128,2018-09-20,00aa02ce95fc11f654a76101fd39a3db6b29879fddd8f8b1e56b3e6fbe6fe8d8,587137001,0.04235593220338983,1
129,2018-09-20,00ac5119d21281802ecd309e8c7fa0b598e0be861f21caadefd9bc8cf3f87eed,611929006,0.03388135593220338,2
130,2018-09-20,00ac5119d21281802ecd309e8c7fa0b598e0be861f21caadefd9bc8cf3f87eed,610776002,0.008457627118644067,2
131,2018-09-20,00ac5119d21281802ecd309e8c7fa0b598e0be861f21caadefd9bc8cf3f87eed,539723005,0.03388135593220338,2
132,2018-09-20,00ac5119d21281802ecd309e8c7fa0b598e0be861f21caadefd9bc8cf3f87eed,662888002,0.03388135593220338,2
133,2018-09-20,00b10bf5c51e961bd91f7ed9081b1bc6fc7e86000c2bed1a2d9f70da02012432,562245050,0.022016949152542376,2
134,2018-09-20,00b1804e347ad55d1a75d7c07169e17d1890ad48953824879234177741a85955,294008002,0.013542372881355931,2
135,2018-09-20,00b5b1446be091d4913765cf2cc01edc7e0d3820e1b8a46905fa4213a4c24433,627300001,0.024135593220338983,2
136,2018-09-20,00b5b1446be091d4913765cf2cc01edc7e0d3820e1b8a46905fa4213a4c24433,544360001,0.011847457627118646,2
137,2018-09-20,00b5bd5358a05155631bf733a933ecff5eb872f5143af59994ff3e62a97476d7,624632002,0.01505084745762712,1
138,2018-09-20,00b5bd5358a05155631bf733a933ecff5eb872f5143af59994ff3e62a97476d7,552716009,0.030118644067796605,1
139,2018-09-20,00b5bd5358a05155631bf733a933ecff5eb872f5143af59994ff3e62a97476d7,629483002,0.02257627118644068,1
140,2018-09-20,00b6ec8613e51d8eadc5157f5a12ae1366ca29da7d44cc8d0ae1e667dea6f268,529008008,0.013542372881355931,2
141,2018-09-20,00b6ec8613e51d8eadc5157f5a12ae1366ca29da7d44cc8d0ae1e667dea6f268,594633001,0.013542372881355931,2
142,2018-09-20,00b6ec8613e51d8eadc5157f5a12ae1366ca29da7d44cc8d0ae1e667dea6f268,603401002,0.013542372881355931,2
143,2018-09-20,00b85712d5e677f7ae3bfa9f9b5780a6eb328e99aeea633f6e8a3df5589d6486,671142001,0.022016949152542376,1
144,2018-09-20,00be0a263381af38132d31225e8fb12fbc527c654b446484fb672a78118f037d,644522001,0.05930508474576271,2
145,2018-09-20,00c09e66121ad36f5a8d5039cda266d60bc53daac0b7ad14f19cbbf97be0b160,225784001,0.016932203389830508,1
146,2018-09-20,00c59bdfaf753688c62cc13f67382dd54275f776a2f6a6ebee11b27049d1d7f7,678073001,0.024423728813559326,2
147,2018-09-20,00c59bdfaf753688c62cc13f67382dd54275f776a2f6a6ebee11b27049d1d7f7,671515001,0.024423728813559326,2
148,2018-09-20,00c59bdfaf753688c62cc13f67382dd54275f776a2f6a6ebee11b27049d1d7f7,622046002,0.01954237288135593,2
149,2018-09-20,00c59bdfaf753688c62cc13f67382dd54275f776a2f6a6ebee11b27049d1d7f7,678073002,0.024423728813559326,2
150,2018-09-20,00c59bdfaf753688c62cc13f67382dd54275f776a2f6a6ebee11b27049d1d7f7,617900007,0.013016949152542373,2
151,2018-09-20,00c59bdfaf753688c62cc13f67382dd54275f776a2f6a6ebee11b27049d1d7f7,657195001,0.08147457627118644,2
152,2018-09-20,00c83c269bedcb5135799d3bc4a7ae6f134d57bdd1be071486ef152b2ef1c300,297078001,0.022016949152542376,1
153,2018-09-20,00cd0391b52a160dce983a43c15a6e1125d082b78dfa21dd9fe0ce2f86805b74,598806012,0.016932203389830508,1
154,2018-09-20,00cd0391b52a160dce983a43c15a6e1125d082b78dfa21dd9fe0ce2f86805b74,662230001,0.05083050847457626,1
155,2018-09-20,00cf4505ba84c01f03c47829352054483acb59a9492ed0eef597dcf030e9e58b,581086004,0.016932203389830508,2
156,2018-09-20,00cf4505ba84c01f03c47829352054483acb59a9492ed0eef597dcf030e9e58b,564358023,0.03388135593220338,2
157,2018-09-20,00cf4505ba84c01f03c47829352054483acb59a9492ed0eef597dcf030e9e58b,564358021,0.03388135593220338,2
158,2018-09-20,00cf4505ba84c01f03c47829352054483acb59a9492ed0eef597dcf030e9e58b,673677003,0.016932203389830508,2
159,2018-09-20,00cf4505ba84c01f03c47829352054483acb59a9492ed0eef597dcf030e9e58b,512251004,0.025406779661016947,2
160,2018-09-20,00cf4505ba84c01f03c47829352054483acb59a9492ed0eef597dcf030e9e58b,179208001,0.016932203389830508,2
161,2018-09-20,00d316a9b10b3d21094e4931f41a42ec7d093bbbd53c7b656ad830be8e6d1565,681247002,0.05930508474576271,1
162,2018-09-20,00d316a9b10b3d21094e4931f41a42ec7d093bbbd53c7b656ad830be8e6d1565,681247001,0.05930508474576271,1
163,2018-09-20,00d774cb18ec8f8c73f4a76846782013803b88f206dffd39638a15a8725a886c,678983004,0.016932203389830508,1
164,2018-09-20,00d774cb18ec8f8c73f4a76846782013803b88f206dffd39638a15a8725a886c,651905007,0.016932203389830508,1
165,2018-09-20,00d781e94d9a533dceb85a8d50a898d5987ad9921ea8c6945c247be7220bdd81,685687004,0.016932203389830508,2
166,2018-09-20,00d781e94d9a533dceb85a8d50a898d5987ad9921ea8c6945c247be7220bdd81,678983004,0.016932203389830508,2
167,2018-09-20,00d781e94d9a533dceb85a8d50a898d5987ad9921ea8c6945c247be7220bdd81,616708004,0.03049152542372881,2
168,2018-09-20,00d781e94d9a533dceb85a8d50a898d5987ad9921ea8c6945c247be7220bdd81,568858001,0.1186271186440678,2
169,2018-09-20,00d781e94d9a533dceb85a8d50a898d5987ad9921ea8c6945c247be7220bdd81,640462002,0.03388135593220338,2
170,2018-09-20,00da14cc2ed13b9df1425be332f190877d6607aa7c79f761d7605231fd532814,610776001,0.008457627118644067,2
171,2018-09-20,00da14cc2ed13b9df1425be332f190877d6607aa7c79f761d7605231fd532814,599729001,0.08472881355932205,2
172,2018-09-20,00da14cc2ed13b9df1425be332f190877d6607aa7c79f761d7605231fd532814,620081001,0.025406779661016947,2
173,2018-09-20,00da14cc2ed13b9df1425be332f190877d6607aa7c79f761d7605231fd532814,684588008,0.025406779661016947,2
174,2018-09-20,00da14cc2ed13b9df1425be332f190877d6607aa7c79f761d7605231fd532814,640539001,0.04235593220338983,2
175,2018-09-20,00da14cc2ed13b9df1425be332f190877d6607aa7c79f761d7605231fd532814,662253002,0.08472881355932205,2
176,2018-09-20,00da14cc2ed13b9df1425be332f190877d6607aa7c79f761d7605231fd532814,684588007,0.025406779661016947,2
177,2018-09-20,00e1f75b5a9c8deed486dc2c409329e8aaef117d314e01fe0c08a7300d4d9f03,662888002,0.0321864406779661,1
178,2018-09-20,00e1f75b5a9c8deed486dc2c409329e8aaef117d314e01fe0c08a7300d4d9f03,555364007,0.025406779661016947,1
179,2018-09-20,00e66bb584bb15b519d91b1979bc7ba33fa0ac956000263db19c0036ac8bbb80,633861001,0.035576271186440675,2
180,2018-09-20,00e66bb584bb15b519d91b1979bc7ba33fa0ac956000263db19c0036ac8bbb80,608458001,0.016932203389830508,2
181,2018-09-20,00ead79936275fbd3c9cf7863d2eb1b11e553789c48149fec39eb4086cb64642,572573001,0.02896610169491525,2
182,2018-09-20,00ead79936275fbd3c9cf7863d2eb1b11e553789c48149fec39eb4086cb64642,678086003,0.025406779661016947,2
183,2018-09-20,00ead79936275fbd3c9cf7863d2eb1b11e553789c48149fec39eb4086cb64642,678086003,0.025406779661016947,2
184,2018-09-20,00f422e9990c411c736a3d0a35a1eea4cdbef1d419fdede13c01eecb99da4176,606769001,0.015237288135593219,2
185,2018-09-20,00f422e9990c411c736a3d0a35a1eea4cdbef1d419fdede13c01eecb99da4176,537840001,0.015237288135593219,2
186,2018-09-20,00f422e9990c411c736a3d0a35a1eea4cdbef1d419fdede13c01eecb99da4176,609650008,0.008457627118644067,2
187,2018-09-20,00f422e9990c411c736a3d0a35a1eea4cdbef1d419fdede13c01eecb99da4176,622295001,0.035576271186440675,2
188,2018-09-20,00f422e9990c411c736a3d0a35a1eea4cdbef1d419fdede13c01eecb99da4176,537738003,0.022016949152542376,2
189,2018-09-20,00f422e9990c411c736a3d0a35a1eea4cdbef1d419fdede13c01eecb99da4176,617900007,0.013542372881355931,2
190,2018-09-20,00f422e9990c411c736a3d0a35a1eea4cdbef1d419fdede13c01eecb99da4176,655710007,0.05083050847457626,2
191,2018-09-20,00f422e9990c411c736a3d0a35a1eea4cdbef1d419fdede13c01eecb99da4176,578430002,0.0186271186440678,2
192,2018-09-20,00f422e9990c411c736a3d0a35a1eea4cdbef1d419fdede13c01eecb99da4176,601102001,0.022016949152542376,2
193,2018-09-20,00ff637ac0fc881ed8b09088ed68218924f87f4100842dbdaf2d26c138fcbf2e,654423001,0.02159322033898305,1
194,2018-09-20,00ff637ac0fc881ed8b09088ed68218924f87f4100842dbdaf2d26c138fcbf2e,677967003,0.025406779661016947,1
195,2018-09-20,00ffed0316ae807cb9439799d73cd61fd7f6479a0f9a19668ef442e3a775eb63,641741001,0.07820338983050848,2
196,2018-09-20,00ffed0316ae807cb9439799d73cd61fd7f6479a0f9a19668ef442e3a775eb63,685683001,0.02345762711864407,2
197,2018-09-20,0115586b1ca570d4a4ef16b9a8e1cf62c9d519d43edc0bc7bdca09b5af2b1370,524825019,0.04235593220338983,1
198,2018-09-20,0115586b1ca570d4a4ef16b9a8e1cf62c9d519d43edc0bc7bdca09b5af2b1370,626587003,0.06777966101694917,1
199,2018-09-20,0115586b1ca570d4a4ef16b9a8e1cf62c9d519d43edc0bc7bdca09b5af2b1370,666638003,0.025406779661016947,1
200,2018-09-20,0115586b1ca570d4a4ef16b9a8e1cf62c9d519d43edc0bc7bdca09b5af2b1370,675319001,0.05083050847457626,1
201,2018-09-20,011d7b691e30ed7eb65d0f141dba11c0d4aa6d30b0625eddc713b7172d4585cf,653188006,0.011847457627118646,1
202,2018-09-20,01271359dce99de537d6a3fca3c4dfd3732b455ec5085dc0b1623ab550fb821a,640182001,0.035576271186440675,2
203,2018-09-20,01271359dce99de537d6a3fca3c4dfd3732b455ec5085dc0b1623ab550fb821a,633685001,0.06777966101694917,2
204,2018-09-20,01271359dce99de537d6a3fca3c4dfd3732b455ec5085dc0b1623ab550fb821a,522561002,0.08472881355932205,2
205,2018-09-20,01271359dce99de537d6a3fca3c4dfd3732b455ec5085dc0b1623ab550fb821a,608483002,0.013542372881355931,2
206,2018-09-20,012bbedf2efe728a7407a5dc842a852f8e09e9ae9727110c916ae13ebbc86395,651456003,0.016932203389830508,1
207,2018-09-20,012bbedf2efe728a7407a5dc842a852f8e09e9ae9727110c916ae13ebbc86395,651456003,0.016932203389830508,1
208,2018-09-20,012bbedf2efe728a7407a5dc842a852f8e09e9ae9727110c916ae13ebbc86395,651456003,0.016932203389830508,1
209,2018-09-20,0132d21d866697c428e4d6ffb02548fd71966aa88c8f5adea314e2341f8ad87b,580469005,0.08049152542372882,2
210,2018-09-20,0132d21d866697c428e4d6ffb02548fd71966aa88c8f5adea314e2341f8ad87b,580469005,0.08472881355932205,2
211,2018-09-20,0132d21d866697c428e4d6ffb02548fd71966aa88c8f5adea314e2341f8ad87b,629305003,0.016932203389830508,2
212,2018-09-20,0132d21d866697c428e4d6ffb02548fd71966aa88c8f5adea314e2341f8ad87b,553611001,0.03388135593220338,2
213,2018-09-20,0132d21d866697c428e4d6ffb02548fd71966aa88c8f5adea314e2341f8ad87b,657195001,0.08472881355932205,2
214,2018-09-20,0132d21d866697c428e4d6ffb02548fd71966aa88c8f5adea314e2341f8ad87b,608939002,0.040661016949152536,2
215,2018-09-20,0132d21d866697c428e4d6ffb02548fd71966aa88c8f5adea314e2341f8ad87b,608939002,0.040661016949152536,2
216,2018-09-20,0132d21d866697c428e4d6ffb02548fd71966aa88c8f5adea314e2341f8ad87b,518827004,0.025406779661016947,2
217,2018-09-20,0132d21d866697c428e4d6ffb02548fd71966aa88c8f5adea314e2341f8ad87b,568597012,0.02371186440677966,2
218,2018-09-20,0137b87739a796f65396d8483173f66318039d19a2583f33f9014a6b6f38719e,577992001,0.011254237288135594,2
219,2018-09-20,01393ee2d1e9494965b723a22d3b09d992a1b450d17621c4c970ef7faf4d0d8c,660712012,0.04235593220338983,1
220,2018-09-20,013a3d7d6d974a818bcb8c5181b4f5016f8973550f42e1049b86053643ace6e2,580746002,0.011847457627118646,2
221,2018-09-20,013cc00a6fe53e361d8b5da4153c5b8907c09bf951dd4ec40d915cf7127c0e6d,590748001,0.06438983050847458,2
222,2018-09-20,013d1d9e3414787ec7bf048697592b6f76dec3bd5263e485e64429ce387ed09c,554757003,0.013542372881355931,2
223,2018-09-20,013d1d9e3414787ec7bf048697592b6f76dec3bd5263e485e64429ce387ed09c,625939005,0.0033728813559322037,2
224,2018-09-20,013d1d9e3414787ec7bf048697592b6f76dec3bd5263e485e64429ce387ed09c,556379003,0.02710169491525424,2
225,2018-09-20,013d1d9e3414787ec7bf048697592b6f76dec3bd5263e485e64429ce387ed09c,487827009,0.03388135593220338,2
226,2018-09-20,013d1d9e3414787ec7bf048697592b6f76dec3bd5263e485e64429ce387ed09c,568864001,0.020322033898305086,2
227,2018-09-20,013d1d9e3414787ec7bf048697592b6f76dec3bd5263e485e64429ce387ed09c,535877018,0.00676271186440678,2
228,2018-09-20,013d1d9e3414787ec7bf048697592b6f76dec3bd5263e485e64429ce387ed09c,400319005,0.03049152542372881,2
229,2018-09-20,013d1d9e3414787ec7bf048697592b6f76dec3bd5263e485e64429ce387ed09c,590920002,0.03049152542372881,2
230,2018-09-20,013d1d9e3414787ec7bf048697592b6f76dec3bd5263e485e64429ce387ed09c,445419009,0.013542372881355931,2
231,2018-09-20,013d1d9e3414787ec7bf048697592b6f76dec3bd5263e485e64429ce387ed09c,532578008,0.0186271186440678,2
232,2018-09-20,014838e4a1fadaaaa5bd2504b73861ef89db7a86b1d0b19f0fbd8bcdd5c3f414,679121001,0.016932203389830508,1
233,2018-09-20,014838e4a1fadaaaa5bd2504b73861ef89db7a86b1d0b19f0fbd8bcdd5c3f414,669825002,0.025406779661016947,1
234,2018-09-20,014838e4a1fadaaaa5bd2504b73861ef89db7a86b1d0b19f0fbd8bcdd5c3f414,626588003,0.06438983050847458,1
235,2018-09-20,014cbfc591254f0cf30df52b660f94dead60c8d3eafc00ebb3051bd196bdcd8e,578474001,0.06777966101694917,2
236,2018-09-20,014cbfc591254f0cf30df52b660f94dead60c8d3eafc00ebb3051bd196bdcd8e,685687004,0.016932203389830508,2
237,2018-09-20,014cbfc591254f0cf30df52b660f94dead60c8d3eafc00ebb3051bd196bdcd8e,399136061,0.05083050847457626,2
238,2018-09-20,014cbfc591254f0cf30df52b660f94dead60c8d3eafc00ebb3051bd196bdcd8e,399136061,0.05083050847457626,2
239,2018-09-20,014cbfc591254f0cf30df52b660f94dead60c8d3eafc00ebb3051bd196bdcd8e,679494004,0.016932203389830508,2
240,2018-09-20,014cbfc591254f0cf30df52b660f94dead60c8d3eafc00ebb3051bd196bdcd8e,685687001,0.016932203389830508,2
241,2018-09-20,014cbfc591254f0cf30df52b660f94dead60c8d3eafc00ebb3051bd196bdcd8e,502186011,0.03388135593220338,2
242,2018-09-20,015379bc0ebfa21c432af0f1eec4cfdd83d88f3af3804fb42011610866da0cba,573085004,0.03388135593220338,1
243,2018-09-20,015379bc0ebfa21c432af0f1eec4cfdd83d88f3af3804fb42011610866da0cba,673677002,0.016932203389830508,1
244,2018-09-20,015379bc0ebfa21c432af0f1eec4cfdd83d88f3af3804fb42011610866da0cba,656719003,0.05083050847457626,1
245,2018-09-20,0157179e65d9394de74d06dd4558456a016a537c55e216a2236b90ac49101d2e,552370001,0.01223728813559322,1
246,2018-09-20,0157179e65d9394de74d06dd4558456a016a537c55e216a2236b90ac49101d2e,552370002,0.014389830508474574,1
247,2018-09-20,015d779989111f5158d089a639b42390cd864f2001b1ed2f24ad78fd37704271,626054001,0.05930508474576271,1
248,2018-09-20,015e83393e4fc3b071ba6fc5f174bf3bf9813c88dcaf3e61e34c6525984d0ed1,640244003,0.03388135593220338,1
249,2018-09-20,01624a723db9eb160f1ce8148eea035963527b2ddca1816d5cd79b94bd16bd92,547367007,0.010152542372881357,2
250,2018-09-20,0163c83a9a9e6a6653ab4aaf448a2773168cb76e74712456c56ea722df4ee5d8,675281002,0.025406779661016947,1
251,2018-09-20,0163c83a9a9e6a6653ab4aaf448a2773168cb76e74712456c56ea722df4ee5d8,601465006,0.016932203389830508,1
252,2018-09-20,0164840429884bbb47f2a342ceea1f0748650d632cd7e3ae962169ddc5abc7e7,487052007,0.00676271186440678,2
253,2018-09-20,0164840429884bbb47f2a342ceea1f0748650d632cd7e3ae962169ddc5abc7e7,578589001,0.00676271186440678,2
254,2018-09-20,0164840429884bbb47f2a342ceea1f0748650d632cd7e3ae962169ddc5abc7e7,567745004,0.013542372881355931,2
255,2018-09-20,0164840429884bbb47f2a342ceea1f0748650d632cd7e3ae962169ddc5abc7e7,176550020,0.016932203389830508,2
256,2018-09-20,0164840429884bbb47f2a342ceea1f0748650d632cd7e3ae962169ddc5abc7e7,558513001,0.016932203389830508,2
257,2018-09-20,0164840429884bbb47f2a342ceea1f0748650d632cd7e3ae962169ddc5abc7e7,487050001,0.010152542372881357,2
258,2018-09-20,0164840429884bbb47f2a342ceea1f0748650d632cd7e3ae962169ddc5abc7e7,487053021,0.008457627118644067,2
259,2018-09-20,0164840429884bbb47f2a342ceea1f0748650d632cd7e3ae962169ddc5abc7e7,554546003,0.016932203389830508,2
260,2018-09-20,01657d86ad3c7c5a15c7de441cc0a57c3ed9a3618b368a61aac06070f585df78,625773003,0.053372881355932204,1
261,2018-09-20,01657d86ad3c7c5a15c7de441cc0a57c3ed9a3618b368a61aac06070f585df78,694153002,0.03049152542372881,1
262,2018-09-20,01657d86ad3c7c5a15c7de441cc0a57c3ed9a3618b368a61aac06070f585df78,634249005,0.03049152542372881,1
263,2018-09-20,016a5e92559854caa17365012de3e26cae632c968dbcc9b0f6343a54223e80b7,665303002,0.05083050847457626,2
264,2018-09-20,016a5e92559854caa17365012de3e26cae632c968dbcc9b0f6343a54223e80b7,539723001,0.03388135593220338,2
265,2018-09-20,016d8f0519d9e0572b3abebeab87408bad7a5c3a2840161f7de2f2900f39b6e6,650193004,0.05083050847457626,1
266,2018-09-20,016d8f0519d9e0572b3abebeab87408bad7a5c3a2840161f7de2f2900f39b6e6,527687006,0.10167796610169492,1
267,2018-09-20,016ee5d84576b72727d7c812df0080f8fa551ba7156593a5ae585b16608e8077,680186001,0.04235593220338983,1
268,2018-09-20,017ddc94fee40ab9a24af073a4c69282b4c04e094d53a96dc0c97642b5d3b25d,496111020,0.03388135593220338,1
269,2018-09-20,018584209ee49c1e2a461c7773bd642306432ff77eef6f32881c56bb3bf77de6,663488001,0.06777966101694917,2
270,2018-09-20,018584209ee49c1e2a461c7773bd642306432ff77eef6f32881c56bb3bf77de6,568601020,0.05083050847457626,2
271,2018-09-20,01887181e59ebbbcda75875d5df516d0ffaa26581ffd78cd909795732e4be9a5,662888002,0.03388135593220338,1
272,2018-09-20,01887181e59ebbbcda75875d5df516d0ffaa26581ffd78cd909795732e4be9a5,457892005,0.025406779661016947,1
273,2018-09-20,01887181e59ebbbcda75875d5df516d0ffaa26581ffd78cd909795732e4be9a5,688873012,0.03388135593220338,1
274,2018-09-20,01887181e59ebbbcda75875d5df516d0ffaa26581ffd78cd909795732e4be9a5,688873002,0.03388135593220338,1
275,2018-09-20,01887181e59ebbbcda75875d5df516d0ffaa26581ffd78cd909795732e4be9a5,662888003,0.03388135593220338,1
276,2018-09-20,01887181e59ebbbcda75875d5df516d0ffaa26581ffd78cd909795732e4be9a5,672590001,0.10167796610169492,1
277,2018-09-20,01887181e59ebbbcda75875d5df516d0ffaa26581ffd78cd909795732e4be9a5,688873001,0.03388135593220338,1
278,2018-09-20,019169333a46eafc04a2a49f04076aeb5bc7f33c403e8940e39048a9581ce753,616088013,0.0050677966101694925,2
279,2018-09-20,019169333a46eafc04a2a49f04076aeb5bc7f33c403e8940e39048a9581ce753,541519005,0.016932203389830508,2
280,2018-09-20,019169333a46eafc04a2a49f04076aeb5bc7f33c403e8940e39048a9581ce753,500780006,0.020322033898305086,2
281,2018-09-20,019169333a46eafc04a2a49f04076aeb5bc7f33c403e8940e39048a9581ce753,632020002,0.013542372881355931,2
282,2018-09-20,019169333a46eafc04a2a49f04076aeb5bc7f33c403e8940e39048a9581ce753,632020002,0.013542372881355931,2
283,2018-09-20,019169333a46eafc04a2a49f04076aeb5bc7f33c403e8940e39048a9581ce753,616086008,0.0050677966101694925,2
284,2018-09-20,0193e3d59eb1a5625b36f53e947c0237ee16c4bd2f7ba7da4bb93efb9e17f66a,647794001,0.011847457627118646,2
285,2018-09-20,0193e3d59eb1a5625b36f53e947c0237ee16c4bd2f7ba7da4bb93efb9e17f66a,581162001,0.015237288135593219,2
286,2018-09-20,01959be607170cc2f092ee8fd13eda251b13cde70ef38dd37e37dcdadfde3b9e,671553003,0.015237288135593219,1
287,2018-09-20,01959be607170cc2f092ee8fd13eda251b13cde70ef38dd37e37dcdadfde3b9e,671553001,0.015237288135593219,1
288,2018-09-20,01959be607170cc2f092ee8fd13eda251b13cde70ef38dd37e37dcdadfde3b9e,662888001,0.03049152542372881,1
289,2018-09-20,01959be607170cc2f092ee8fd13eda251b13cde70ef38dd37e37dcdadfde3b9e,591334019,0.015237288135593219,1
290,2018-09-20,01959be607170cc2f092ee8fd13eda251b13cde70ef38dd37e37dcdadfde3b9e,673677002,0.015237288135593219,1
291,2018-09-20,0195ffd9003a84142a7fee9fbd85b97f111f054a1ee1587b2b98b60d506a5f1b,562252010,0.013542372881355931,2
292,2018-09-20,01a9a077a83eacc6fd946a60c4ca2aed16219fcd83d31e3110fa04630c42b96d,562252010,0.016932203389830508,2
293,2018-09-20,01a9a077a83eacc6fd946a60c4ca2aed16219fcd83d31e3110fa04630c42b96d,574120001,0.02710169491525424,2
294,2018-09-20,01a9a077a83eacc6fd946a60c4ca2aed16219fcd83d31e3110fa04630c42b96d,574120001,0.02710169491525424,2
295,2018-09-20,01a9a077a83eacc6fd946a60c4ca2aed16219fcd83d31e3110fa04630c42b96d,212042043,0.008457627118644067,2
296,2018-09-20,01a9a077a83eacc6fd946a60c4ca2aed16219fcd83d31e3110fa04630c42b96d,590951007,0.008457627118644067,2
297,2018-09-20,01a9a077a83eacc6fd946a60c4ca2aed16219fcd83d31e3110fa04630c42b96d,578816004,0.03049152542372881,2
298,2018-09-20,01a9a077a83eacc6fd946a60c4ca2aed16219fcd83d31e3110fa04630c42b96d,578816004,0.03049152542372881,2
299,2018-09-20,01b0efc42c236759c44edb9b3c97c9f213d581ce647cf8b16659a9b2eb104df6,615508001,0.02896610169491525,2
300,2018-09-20,01b2ea4635479ad47c3a5eea6659e28f4f5ea16bbb6180bda7a7a3b18cade7bd,619561010,0.022016949152542376,2
301,2018-09-20,01b2ea4635479ad47c3a5eea6659e28f4f5ea16bbb6180bda7a7a3b18cade7bd,619561015,0.022016949152542376,2
302,2018-09-20,01b408ef638888ebabe6ba61e3e9cba93131152d371b50c8aded5eb1ca3aa3c0,615085004,0.0148135593220339,2
303,2018-09-20,01b408ef638888ebabe6ba61e3e9cba93131152d371b50c8aded5eb1ca3aa3c0,644803002,0.044474576271186436,2
304,2018-09-20,01b855043167c672d20955a585f39f590a854238bd78149d4e0802362a40d2de,581213003,0.016932203389830508,2
305,2018-09-20,01bf0506fe8bb4b830a2b0a4459f11565f6b687c615008cdcd59b3abf6df4bd2,573716039,0.025406779661016947,2
306,2018-09-20,01bf0506fe8bb4b830a2b0a4459f11565f6b687c615008cdcd59b3abf6df4bd2,573716039,0.025406779661016947,2
307,2018-09-20,01bf0506fe8bb4b830a2b0a4459f11565f6b687c615008cdcd59b3abf6df4bd2,690478001,0.03388135593220338,2
308,2018-09-20,01bf0506fe8bb4b830a2b0a4459f11565f6b687c615008cdcd59b3abf6df4bd2,690478001,0.03388135593220338,2
309,2018-09-20,01bf0506fe8bb4b830a2b0a4459f11565f6b687c615008cdcd59b3abf6df4bd2,680374001,0.03388135593220338,2
310,2018-09-20,01bf0506fe8bb4b830a2b0a4459f11565f6b687c615008cdcd59b3abf6df4bd2,680374001,0.03388135593220338,2
311,2018-09-20,01c290bff9641834691fef7f4b68ad176353d6971ca85e22efeb92c3aa3ffd35,714417001,0.025406779661016947,2
312,2018-09-20,01c290bff9641834691fef7f4b68ad176353d6971ca85e22efeb92c3aa3ffd35,657395002,0.03388135593220338,2
313,2018-09-20,01c3653cafdd569ef34e36810d1c1bda71c0d425e568278d0cfe05cfb6604a1a,244267032,0.03388135593220338,1
314,2018-09-20,01c3653cafdd569ef34e36810d1c1bda71c0d425e568278d0cfe05cfb6604a1a,630672001,0.03388135593220338,1
315,2018-09-20,01c8cb2f730cd7253bd3e290d98823894222b305139631fc0471d8d0b3a4bde9,537688014,0.05083050847457626,1
316,2018-09-20,01c8cb2f730cd7253bd3e290d98823894222b305139631fc0471d8d0b3a4bde9,214844001,0.0033728813559322037,1
317,2018-09-20,01cc2111fdf0603337bf82c79130e2144248bcec1a69cec7e28af56c0c78a4da,427159007,0.06777966101694917,2
318,2018-09-20,01cc2111fdf0603337bf82c79130e2144248bcec1a69cec7e28af56c0c78a4da,628788001,0.025406779661016947,2
319,2018-09-20,01cc2111fdf0603337bf82c79130e2144248bcec1a69cec7e28af56c0c78a4da,617036001,0.05083050847457626,2
320,2018-09-20,01cc2111fdf0603337bf82c79130e2144248bcec1a69cec7e28af56c0c78a4da,611415001,0.016932203389830508,2
321,2018-09-20,01cc2111fdf0603337bf82c79130e2144248bcec1a69cec7e28af56c0c78a4da,679494004,0.016932203389830508,2
322,2018-09-20,01cdaf4a8603d1aafd565d05a7e1013d1cca48ab378fa83a68cfe01b52874852,669056002,0.011847457627118646,2
323,2018-09-20,01cdaf4a8603d1aafd565d05a7e1013d1cca48ab378fa83a68cfe01b52874852,536162002,0.020322033898305086,2
324,2018-09-20,01d106a0b45ae7f169b3233d332bf325c80c24d4d160edeccf7d70905077fb86,506110001,0.024559322033898302,2
325,2018-09-20,01d106a0b45ae7f169b3233d332bf325c80c24d4d160edeccf7d70905077fb86,632143001,0.032745762711864405,2
326,2018-09-20,01d106a0b45ae7f169b3233d332bf325c80c24d4d160edeccf7d70905077fb86,632143001,0.032745762711864405,2
327,2018-09-20,01d106a0b45ae7f169b3233d332bf325c80c24d4d160edeccf7d70905077fb86,673462002,0.032745762711864405,2
328,2018-09-20,01d106a0b45ae7f169b3233d332bf325c80c24d4d160edeccf7d70905077fb86,677848003,0.008169491525423728,2
329,2018-09-20,01d106a0b45ae7f169b3233d332bf325c80c24d4d160edeccf7d70905077fb86,677848003,0.008169491525423728,2
330,2018-09-20,01d106a0b45ae7f169b3233d332bf325c80c24d4d160edeccf7d70905077fb86,692454002,0.024559322033898302,2
331,2018-09-20,01d106a0b45ae7f169b3233d332bf325c80c24d4d160edeccf7d70905077fb86,685687004,0.01640677966101695,2
332,2018-09-20,01d106a0b45ae7f169b3233d332bf325c80c24d4d160edeccf7d70905077fb86,573085020,0.032745762711864405,2
333,2018-09-20,01d106a0b45ae7f169b3233d332bf325c80c24d4d160edeccf7d70905077fb86,573085020,0.032745762711864405,2
334,2018-09-20,01e464bf74b13a55df22de1528eff2b33749c0cd92953b62bd22dee2de17d1fd,604349001,0.015237288135593219,2
335,2018-09-20,01e464bf74b13a55df22de1528eff2b33749c0cd92953b62bd22dee2de17d1fd,639552001,0.02371186440677966,2
336,2018-09-20,01e464bf74b13a55df22de1528eff2b33749c0cd92953b62bd22dee2de17d1fd,519583008,0.03049152542372881,2
337,2018-09-20,01e464bf74b13a55df22de1528eff2b33749c0cd92953b62bd22dee2de17d1fd,539878003,0.04235593220338983,2
338,2018-09-20,01e464bf74b13a55df22de1528eff2b33749c0cd92953b62bd22dee2de17d1fd,448515018,0.038118644067796616,2
339,2018-09-20,01e464bf74b13a55df22de1528eff2b33749c0cd92953b62bd22dee2de17d1fd,448515001,0.038118644067796616,2
340,2018-09-20,01e9439a70175b81a0fcfe7c066a23890a57ca97b9b6d4209b041dfaace79f3e,687169001,0.1186271186440678,2
341,2018-09-20,01e9439a70175b81a0fcfe7c066a23890a57ca97b9b6d4209b041dfaace79f3e,581777008,0.05083050847457626,2
342,2018-09-20,01ef5256e6264e9d50b11a08e9cfb2f2291324fedb4140cf7b4ad070548ffd8f,660497003,0.008457627118644067,2
343,2018-09-20,01ef5256e6264e9d50b11a08e9cfb2f2291324fedb4140cf7b4ad070548ffd8f,660497003,0.008457627118644067,2
344,2018-09-20,01ef5256e6264e9d50b11a08e9cfb2f2291324fedb4140cf7b4ad070548ffd8f,661308001,0.015237288135593219,2
345,2018-09-20,01ef5256e6264e9d50b11a08e9cfb2f2291324fedb4140cf7b4ad070548ffd8f,661308001,0.015237288135593219,2
346,2018-09-20,01ef5256e6264e9d50b11a08e9cfb2f2291324fedb4140cf7b4ad070548ffd8f,630324004,0.013542372881355931,2
347,2018-09-20,01ef5256e6264e9d50b11a08e9cfb2f2291324fedb4140cf7b4ad070548ffd8f,212629040,0.011847457627118646,2
348,2018-09-20,01ef5256e6264e9d50b11a08e9cfb2f2291324fedb4140cf7b4ad070548ffd8f,633109002,0.016932203389830508,2
349,2018-09-20,01ef5256e6264e9d50b11a08e9cfb2f2291324fedb4140cf7b4ad070548ffd8f,583351005,0.016932203389830508,2
350,2018-09-20,01ef5256e6264e9d50b11a08e9cfb2f2291324fedb4140cf7b4ad070548ffd8f,220094001,0.015237288135593219,2
351,2018-09-20,01f0287961a0f7453c24e6aede462f55f667e705156f1e8b22c70a65bf51abd5,635425004,0.016932203389830508,2
352,2018-09-20,01f0287961a0f7453c24e6aede462f55f667e705156f1e8b22c70a65bf51abd5,505071001,0.02371186440677966,2
353,2018-09-20,01f040495565a44cbee048d8a0340fe1ba46243565d634a9a574c69fa4b01ade,630116011,0.03388135593220338,1
354,2018-09-20,01f040495565a44cbee048d8a0340fe1ba46243565d634a9a574c69fa4b01ade,619506001,0.013542372881355931,1
355,2018-09-20,01f040495565a44cbee048d8a0340fe1ba46243565d634a9a574c69fa4b01ade,630116006,0.03388135593220338,1
356,2018-09-20,01f040495565a44cbee048d8a0340fe1ba46243565d634a9a574c69fa4b01ade,567993036,0.025406779661016947,1
357,2018-09-20,01f0af0b062a155ce270aa4cd7420795b115dd9320c143eaa10213f13ba346be,639525001,0.025406779661016947,1
358,2018-09-20,01f0af0b062a155ce270aa4cd7420795b115dd9320c143eaa10213f13ba346be,728162002,0.008457627118644067,1
359,2018-09-20,01f0af0b062a155ce270aa4cd7420795b115dd9320c143eaa10213f13ba346be,728162002,0.008457627118644067,1
360,2018-09-20,01f597f5eba83f9709eceb5a70a99f3a4009a6e827bf7293afa4211030a29fa4,657497007,0.025406779661016947,2
361,2018-09-20,01f597f5eba83f9709eceb5a70a99f3a4009a6e827bf7293afa4211030a29fa4,625773001,0.05930508474576271,2
362,2018-09-20,01f597f5eba83f9709eceb5a70a99f3a4009a6e827bf7293afa4211030a29fa4,625773001,0.05930508474576271,2
363,2018-09-20,01f597f5eba83f9709eceb5a70a99f3a4009a6e827bf7293afa4211030a29fa4,625773001,0.05930508474576271,2
364,2018-09-20,01f597f5eba83f9709eceb5a70a99f3a4009a6e827bf7293afa4211030a29fa4,674336001,0.03388135593220338,2
365,2018-09-20,01f597f5eba83f9709eceb5a70a99f3a4009a6e827bf7293afa4211030a29fa4,674336001,0.03388135593220338,2
366,2018-09-20,01f597f5eba83f9709eceb5a70a99f3a4009a6e827bf7293afa4211030a29fa4,456163026,0.03388135593220338,2
367,2018-09-20,01f597f5eba83f9709eceb5a70a99f3a4009a6e827bf7293afa4211030a29fa4,456163026,0.03388135593220338,2
368,2018-09-20,01f597f5eba83f9709eceb5a70a99f3a4009a6e827bf7293afa4211030a29fa4,456163026,0.03388135593220338,2
369,2018-09-20,01f597f5eba83f9709eceb5a70a99f3a4009a6e827bf7293afa4211030a29fa4,676954001,0.05083050847457626,2
370,2018-09-20,01f597f5eba83f9709eceb5a70a99f3a4009a6e827bf7293afa4211030a29fa4,676954001,0.05083050847457626,2
371,2018-09-20,01f597f5eba83f9709eceb5a70a99f3a4009a6e827bf7293afa4211030a29fa4,676954001,0.05083050847457626,2
372,2018-09-20,01fbe7968ede05b116c4d878d47ed4fd33db355c4b3311c2967858f059a65dde,626168001,0.02710169491525424,2
373,2018-09-20,01fbe7968ede05b116c4d878d47ed4fd33db355c4b3311c2967858f059a65dde,583976001,0.025406779661016947,2
374,2018-09-20,01fbe7968ede05b116c4d878d47ed4fd33db355c4b3311c2967858f059a65dde,558428001,0.035576271186440675,2
375,2018-09-20,01fbe7968ede05b116c4d878d47ed4fd33db355c4b3311c2967858f059a65dde,636420001,0.040661016949152536,2
376,2018-09-20,01fbe7968ede05b116c4d878d47ed4fd33db355c4b3311c2967858f059a65dde,587229001,0.015237288135593219,2
377,2018-09-20,01fbe7968ede05b116c4d878d47ed4fd33db355c4b3311c2967858f059a65dde,650578001,0.00676271186440678,2
378,2018-09-20,01fbe7968ede05b116c4d878d47ed4fd33db355c4b3311c2967858f059a65dde,636418001,0.040661016949152536,2
379,2018-09-20,01fbe7968ede05b116c4d878d47ed4fd33db355c4b3311c2967858f059a65dde,188183009,0.03049152542372881,2
380,2018-09-20,01fbe7968ede05b116c4d878d47ed4fd33db355c4b3311c2967858f059a65dde,608952004,0.020322033898305086,2
381,2018-09-20,01ff82d2792db8d2f92caa1e934fd6a122117f99a47f500ed25e550b7e066362,594630002,0.011847457627118646,1
382,2018-09-20,0200775b1e95937f4711156d1eccaff5c8d7f7627ad6ac7aa941ed2ad28ab693,619739008,0.022016949152542376,2
383,2018-09-20,0200775b1e95937f4711156d1eccaff5c8d7f7627ad6ac7aa941ed2ad28ab693,647182001,0.010152542372881357,2
384,2018-09-20,02042b44255a14412b92f126844f9b33518e2cd598dc36d89d9931907e966076,578846001,0.01601694915254237,2
385,2018-09-20,02042b44255a14412b92f126844f9b33518e2cd598dc36d89d9931907e966076,522398023,0.006389830508474576,2
386,2018-09-20,02042b44255a14412b92f126844f9b33518e2cd598dc36d89d9931907e966076,678073002,0.02401694915254237,2
387,2018-09-20,02042b44255a14412b92f126844f9b33518e2cd598dc36d89d9931907e966076,272591016,0.01601694915254237,2
388,2018-09-20,02042b44255a14412b92f126844f9b33518e2cd598dc36d89d9931907e966076,626410001,0.004796610169491526,2
389,2018-09-20,02042b44255a14412b92f126844f9b33518e2cd598dc36d89d9931907e966076,578846003,0.03203389830508474,2
390,2018-09-20,02042b44255a14412b92f126844f9b33518e2cd598dc36d89d9931907e966076,625939005,0.0031864406779661017,2
391,2018-09-20,02042b44255a14412b92f126844f9b33518e2cd598dc36d89d9931907e966076,628930004,0.01601694915254237,2
392,2018-09-20,02042b44255a14412b92f126844f9b33518e2cd598dc36d89d9931907e966076,630450002,0.028830508474576275,2
393,2018-09-20,020bf2b7e1b1d36c8b7ea7e09782d5cfc7d4c31a74066075a73ac6015ddf5122,662857001,0.04023728813559321,2
394,2018-09-20,0218014619321c250395c5cb9bc9f5323745113f61f3a136da2f3762df5930c9,675281001,0.025406779661016947,2
395,2018-09-20,0218014619321c250395c5cb9bc9f5323745113f61f3a136da2f3762df5930c9,675281001,0.025406779661016947,2
396,2018-09-20,0218014619321c250395c5cb9bc9f5323745113f61f3a136da2f3762df5930c9,663368001,0.05083050847457626,2
397,2018-09-20,0218e0970319a0f68ebb78a6cdfffb8ddc461d0d02eeb8e8ccf02287ceb05807,649057002,0.03388135593220338,2
398,2018-09-20,021bfdd3e66576efce4fdffc66c8e7837abad6ac50c10d3ac2c912e5558efd8a,685687001,0.016932203389830508,2
399,2018-09-20,021bfdd3e66576efce4fdffc66c8e7837abad6ac50c10d3ac2c912e5558efd8a,685687003,0.016932203389830508,2
400,2018-09-20,021bfdd3e66576efce4fdffc66c8e7837abad6ac50c10d3ac2c912e5558efd8a,685687004,0.016932203389830508,2
401,2018-09-20,021bfdd3e66576efce4fdffc66c8e7837abad6ac50c10d3ac2c912e5558efd8a,685687002,0.016932203389830508,2
402,2018-09-20,022064800152ad93969188799580e0d2173bc7696f6deec3157f0938315410b4,545258004,0.035576271186440675,2
403,2018-09-20,022064800152ad93969188799580e0d2173bc7696f6deec3157f0938315410b4,556438001,0.03388135593220338,2
404,2018-09-20,02245dbf97e78482e7b6f23ab4fbc7d445ec57ddb9930d4b23d03b1a1e4af97f,608952004,0.020322033898305086,2
405,2018-09-20,02245dbf97e78482e7b6f23ab4fbc7d445ec57ddb9930d4b23d03b1a1e4af97f,667378002,0.03388135593220338,2
406,2018-09-20,02245dbf97e78482e7b6f23ab4fbc7d445ec57ddb9930d4b23d03b1a1e4af97f,667379002,0.031762711864406774,2
407,2018-09-20,02245dbf97e78482e7b6f23ab4fbc7d445ec57ddb9930d4b23d03b1a1e4af97f,556655002,0.020322033898305086,2
408,2018-09-20,02245dbf97e78482e7b6f23ab4fbc7d445ec57ddb9930d4b23d03b1a1e4af97f,687427001,0.03388135593220338,2
409,2018-09-20,02245dbf97e78482e7b6f23ab4fbc7d445ec57ddb9930d4b23d03b1a1e4af97f,596278006,0.03388135593220338,2
410,2018-09-20,0229e18d3fcaa6a95380a822b4edc611e7933dab4382979b97d502cb477b0ff8,637515001,0.03388135593220338,1
411,2018-09-20,0229e18d3fcaa6a95380a822b4edc611e7933dab4382979b97d502cb477b0ff8,675827001,0.03388135593220338,1
412,2018-09-20,022b4a549932e91686ed9cf3ffbacc2422343f5bc050127db1b23f6a3e5bf020,555470006,0.00676271186440678,2
413,2018-09-20,022b4a549932e91686ed9cf3ffbacc2422343f5bc050127db1b23f6a3e5bf020,667697001,0.013542372881355931,2
414,2018-09-20,022b4a549932e91686ed9cf3ffbacc2422343f5bc050127db1b23f6a3e5bf020,354246011,0.005406779661016949,2
415,2018-09-20,022b4a549932e91686ed9cf3ffbacc2422343f5bc050127db1b23f6a3e5bf020,564929005,0.0121864406779661,2
416,2018-09-20,022b4a549932e91686ed9cf3ffbacc2422343f5bc050127db1b23f6a3e5bf020,418545001,0.00811864406779661,2
417,2018-09-20,022b4a549932e91686ed9cf3ffbacc2422343f5bc050127db1b23f6a3e5bf020,583448003,0.00811864406779661,2
418,2018-09-20,022b4a549932e91686ed9cf3ffbacc2422343f5bc050127db1b23f6a3e5bf020,418545036,0.00811864406779661,2
419,2018-09-20,022b4a549932e91686ed9cf3ffbacc2422343f5bc050127db1b23f6a3e5bf020,672054002,0.013542372881355931,2
420,2018-09-20,022b4a549932e91686ed9cf3ffbacc2422343f5bc050127db1b23f6a3e5bf020,453239044,0.01764406779661017,2
421,2018-09-20,022b4a549932e91686ed9cf3ffbacc2422343f5bc050127db1b23f6a3e5bf020,667697002,0.013542372881355931,2
422,2018-09-20,022d28daa94930566e6139ae25faa966bebd5684cc486c59588d7e9b92262c50,622192002,0.02879661016949152,2
423,2018-09-20,022d28daa94930566e6139ae25faa966bebd5684cc486c59588d7e9b92262c50,622192002,0.02879661016949152,2
424,2018-09-20,022d28daa94930566e6139ae25faa966bebd5684cc486c59588d7e9b92262c50,538142004,0.025406779661016947,2
425,2018-09-20,022d28daa94930566e6139ae25faa966bebd5684cc486c59588d7e9b92262c50,622192001,0.025406779661016947,2
426,2018-09-20,022d28daa94930566e6139ae25faa966bebd5684cc486c59588d7e9b92262c50,622192001,0.025406779661016947,2
427,2018-09-20,022d28daa94930566e6139ae25faa966bebd5684cc486c59588d7e9b92262c50,538142008,0.020322033898305086,2
428,2018-09-20,022d28daa94930566e6139ae25faa966bebd5684cc486c59588d7e9b92262c50,648994001,0.013542372881355931,2
429,2018-09-20,022d28daa94930566e6139ae25faa966bebd5684cc486c59588d7e9b92262c50,399087010,0.03388135593220338,2
430,2018-09-20,022d28daa94930566e6139ae25faa966bebd5684cc486c59588d7e9b92262c50,658295002,0.040661016949152536,2
431,2018-09-20,022d28daa94930566e6139ae25faa966bebd5684cc486c59588d7e9b92262c50,658295002,0.040661016949152536,2
432,2018-09-20,02334389c86031bc841c43b000006162d3bdadd0a88acd650eaebdb3f1beb9c5,603145003,0.016932203389830508,1
433,2018-09-20,02334389c86031bc841c43b000006162d3bdadd0a88acd650eaebdb3f1beb9c5,464297007,0.016932203389830508,1
434,2018-09-20,023807eac529e635ef40b48d61685876c7487d129eb2384e3c335d8f66116874,524825006,0.02371186440677966,2
435,2018-09-20,023807eac529e635ef40b48d61685876c7487d129eb2384e3c335d8f66116874,524825006,0.02371186440677966,2
436,2018-09-20,02389a26fba684b9fe51d6fc3f84d10614dde2d5bb9c72f5bfd4c7f2c277aa30,569997016,0.013542372881355931,2
437,2018-09-20,02389a26fba684b9fe51d6fc3f84d10614dde2d5bb9c72f5bfd4c7f2c277aa30,572533005,0.015237288135593219,2
438,2018-09-20,023b48de81f6af9de6bef17e720e3873ce40df3f561c975cfd47eaef5f13d09d,621760005,0.008457627118644067,2
439,2018-09-20,023b48de81f6af9de6bef17e720e3873ce40df3f561c975cfd47eaef5f13d09d,351484013,0.013542372881355931,2
440,2018-09-20,023b48de81f6af9de6bef17e720e3873ce40df3f561c975cfd47eaef5f13d09d,351484013,0.013542372881355931,2
441,2018-09-20,023b48de81f6af9de6bef17e720e3873ce40df3f561c975cfd47eaef5f13d09d,351484013,0.013542372881355931,2
442,2018-09-20,023b48de81f6af9de6bef17e720e3873ce40df3f561c975cfd47eaef5f13d09d,567729004,0.013542372881355931,2
443,2018-09-20,023b48de81f6af9de6bef17e720e3873ce40df3f561c975cfd47eaef5f13d09d,567728006,0.0186271186440678,2
444,2018-09-20,023b48de81f6af9de6bef17e720e3873ce40df3f561c975cfd47eaef5f13d09d,651863004,0.0050677966101694925,2
445,2018-09-20,023b48de81f6af9de6bef17e720e3873ce40df3f561c975cfd47eaef5f13d09d,559630002,0.015237288135593219,2
446,2018-09-20,023b48de81f6af9de6bef17e720e3873ce40df3f561c975cfd47eaef5f13d09d,609719003,0.011847457627118646,2
447,2018-09-20,02425a33ee2b4d547b1e4ca9ea521759a42f896af933bfd132f488ad3b6cceea,665477002,0.03049152542372881,2
448,2018-09-20,0246a0d28554496c1214de05bb45de56d41ba29bc356d79a7ce520aa40d7c2e6,612636001,0.020322033898305086,1
449,2018-09-20,0247a4cfbe56ac5e1c0b5a91b0ab0aad812f6fca13d4fd7dd72cf870d4195ec0,618840005,0.016932203389830508,1
450,2018-09-20,0247a4cfbe56ac5e1c0b5a91b0ab0aad812f6fca13d4fd7dd72cf870d4195ec0,625034001,0.013542372881355931,1
451,2018-09-20,0247a4cfbe56ac5e1c0b5a91b0ab0aad812f6fca13d4fd7dd72cf870d4195ec0,659124001,0.0050677966101694925,1
452,2018-09-20,0247a4cfbe56ac5e1c0b5a91b0ab0aad812f6fca13d4fd7dd72cf870d4195ec0,659124001,0.0050677966101694925,1
453,2018-09-20,0247a4cfbe56ac5e1c0b5a91b0ab0aad812f6fca13d4fd7dd72cf870d4195ec0,629826001,0.022016949152542376,1
454,2018-09-20,0247a4cfbe56ac5e1c0b5a91b0ab0aad812f6fca13d4fd7dd72cf870d4195ec0,618840001,0.016932203389830508,1
455,2018-09-20,0247a4cfbe56ac5e1c0b5a91b0ab0aad812f6fca13d4fd7dd72cf870d4195ec0,644706003,0.016932203389830508,1
456,2018-09-20,0247a4cfbe56ac5e1c0b5a91b0ab0aad812f6fca13d4fd7dd72cf870d4195ec0,493103005,0.013542372881355931,1
457,2018-09-20,024cd49f530560442418b0fe9558ee9a79c62809b3bb3a6fbaaf04c2b9be9d2e,704048006,0.05930508474576271,1
458,2018-09-20,024cd49f530560442418b0fe9558ee9a79c62809b3bb3a6fbaaf04c2b9be9d2e,656686002,0.16779661016949152,1
459,2018-09-20,024cd49f530560442418b0fe9558ee9a79c62809b3bb3a6fbaaf04c2b9be9d2e,676326005,0.05083050847457626,1
460,2018-09-20,0257cce57bcfd65d958d44d09bd52c80b07b5a5aee9fc625599b6c13ee4e1b9e,685687004,0.016932203389830508,2
461,2018-09-20,0257cce57bcfd65d958d44d09bd52c80b07b5a5aee9fc625599b6c13ee4e1b9e,667491011,0.025406779661016947,2
462,2018-09-20,0257cce57bcfd65d958d44d09bd52c80b07b5a5aee9fc625599b6c13ee4e1b9e,601595003,0.04405084745762712,2
463,2018-09-20,0257cce57bcfd65d958d44d09bd52c80b07b5a5aee9fc625599b6c13ee4e1b9e,519583015,0.02371186440677966,2
464,2018-09-20,0257cce57bcfd65d958d44d09bd52c80b07b5a5aee9fc625599b6c13ee4e1b9e,400285006,0.04405084745762712,2
465,2018-09-20,02587f4f566315388f44a3daaa4525146d79d5ae6b2837cbf55591ec1512884d,661645002,0.010152542372881357,2
466,2018-09-20,02587f4f566315388f44a3daaa4525146d79d5ae6b2837cbf55591ec1512884d,549607002,0.16779661016949152,2
467,2018-09-20,02587f4f566315388f44a3daaa4525146d79d5ae6b2837cbf55591ec1512884d,663732001,0.016932203389830508,2
468,2018-09-20,02587f4f566315388f44a3daaa4525146d79d5ae6b2837cbf55591ec1512884d,575004005,0.016932203389830508,2
469,2018-09-20,02587f4f566315388f44a3daaa4525146d79d5ae6b2837cbf55591ec1512884d,583351005,0.016932203389830508,2
470,2018-09-20,02587f4f566315388f44a3daaa4525146d79d5ae6b2837cbf55591ec1512884d,677664001,0.10167796610169492,2
471,2018-09-20,02587f4f566315388f44a3daaa4525146d79d5ae6b2837cbf55591ec1512884d,677664001,0.10167796610169492,2
472,2018-09-20,025b18696068392821f083b1eebb31dee1f6704f243f909c025dfacd075bdaf2,156231002,0.005627118644067797,1
473,2018-09-20,025b18696068392821f083b1eebb31dee1f6704f243f909c025dfacd075bdaf2,156231001,0.00564406779661017,1
474,2018-09-20,025b18696068392821f083b1eebb31dee1f6704f243f909c025dfacd075bdaf2,156231001,0.00564406779661017,1
475,2018-09-20,025d110f771f9d4bd41abd0fadca58b1be1553c895c7f6b0e79a13dd1d0b67aa,657891002,0.04235593220338983,2
476,2018-09-20,0263bfe4004755185ded376e186511eedd9f5a190144ac6699fda9cb038ad178,508837001,0.05930508474576271,1
477,2018-09-20,0263bfe4004755185ded376e186511eedd9f5a190144ac6699fda9cb038ad178,634015009,0.016932203389830508,1
478,2018-09-20,0263bfe4004755185ded376e186511eedd9f5a190144ac6699fda9cb038ad178,664325001,0.04235593220338983,1
479,2018-09-20,0263bfe4004755185ded376e186511eedd9f5a190144ac6699fda9cb038ad178,477163001,0.06777966101694917,1
480,2018-09-20,0263bfe4004755185ded376e186511eedd9f5a190144ac6699fda9cb038ad178,634789001,0.06777966101694917,1
481,2018-09-20,026a1fb8bafd82f69183ae5dc8aea146c48c31d8ab03a3e711a9bc3fcec3a4b8,399201023,0.08472881355932205,1
482,2018-09-20,026a1fb8bafd82f69183ae5dc8aea146c48c31d8ab03a3e711a9bc3fcec3a4b8,399201020,0.08472881355932205,1
483,2018-09-20,026a1fb8bafd82f69183ae5dc8aea146c48c31d8ab03a3e711a9bc3fcec3a4b8,399136009,0.08472881355932205,1
484,2018-09-20,026e959b1715d59d827c377bd1f9ee4464e105695241a2f4053385d036aae6a0,666223001,0.016932203389830508,2
485,2018-09-20,026e959b1715d59d827c377bd1f9ee4464e105695241a2f4053385d036aae6a0,543141002,0.016932203389830508,2
486,2018-09-20,02703e242da346fc85f1aad21208d1103e62e705564c81ca2b6edf943032320a,628813002,0.013542372881355931,2
487,2018-09-20,02703e242da346fc85f1aad21208d1103e62e705564c81ca2b6edf943032320a,629764001,0.013542372881355931,2
488,2018-09-20,02722fa427178b9ca33fdaf1050d1c15472432abd33e0048207701534feb5b20,571436009,0.013542372881355931,1
489,2018-09-20,02722fa427178b9ca33fdaf1050d1c15472432abd33e0048207701534feb5b20,407663008,0.008457627118644067,1
490,2018-09-20,02722fa427178b9ca33fdaf1050d1c15472432abd33e0048207701534feb5b20,342034003,0.013542372881355931,1
491,2018-09-20,02735a7da462484b0adb3857a81a6a062dd37d18a716a47318c467ef2a96f9f0,607788001,0.022016949152542376,2
492,2018-09-20,02735a7da462484b0adb3857a81a6a062dd37d18a716a47318c467ef2a96f9f0,610787001,0.02879661016949152,2
493,2018-09-20,02735a7da462484b0adb3857a81a6a062dd37d18a716a47318c467ef2a96f9f0,658013001,0.05930508474576271,2
494,2018-09-20,02735a7da462484b0adb3857a81a6a062dd37d18a716a47318c467ef2a96f9f0,580853002,0.035576271186440675,2
495,2018-09-20,02735a7da462484b0adb3857a81a6a062dd37d18a716a47318c467ef2a96f9f0,629912001,0.025406779661016947,2
496,2018-09-20,02735a7da462484b0adb3857a81a6a062dd37d18a716a47318c467ef2a96f9f0,614734001,0.025406779661016947,2
497,2018-09-20,0274e757cd770c98113d22951237e9dd035fa27567c5d521987222af2e0f9592,675139006,0.016932203389830508,1
498,2018-09-20,0277917f4faac280023baecd03c3790b951a9403085da13631983b6c3d7eced0,686269001,0.016932203389830508,2
499,2018-09-20,0277917f4faac280023baecd03c3790b951a9403085da13631983b6c3d7eced0,633130002,0.016932203389830508,2
